{"flutter":{"platforms":{"android":{"default":{"projectId":"recipeapp-f58a4","appId":"1:936823535588:android:cecc933cf6b884757479f1","fileOutput":"android/app/google-services.json"}},"dart":{"lib/firebase_options.dart":{"projectId":"recipeapp-f58a4","configurations":{"android":"1:936823535588:android:cecc933cf6b884757479f1","ios":"1:936823535588:ios:6c5afabba9fb229d7479f1","macos":"1:936823535588:ios:6c5afabba9fb229d7479f1","web":"1:936823535588:web:e06638898b5036b97479f1","windows":"1:936823535588:web:efdba8461982d1ce7479f1"}}}}}}