{
  "project_info": {
    "project_number": "936823535588",
    "project_id": "recipeapp-f58a4",
    "storage_bucket": "recipeapp-f58a4.firebasestorage.app"
  },
  "client": [
    {
      "client_info": {
        "mobilesdk_app_id": "1:936823535588:android:a995853bd66931d87479f1",
        "android_client_info": {
          "package_name": "com.Mohammad"
        }
      },
      "oauth_client": [],
      "api_key": [
        {
          "current_key": "AIzaSyBrod-HeOLk78K0PWccdxRkC4J1Ovx6jsI"
        }
      ],
      "services": {
        "appinvite_service": {
          "other_platform_oauth_client": []
        }
      }
    },
    {
      "client_info": {
        "mobilesdk_app_id": "1:936823535588:android:cecc933cf6b884757479f1",
        "android_client_info": {
          "package_name": "com.example.recipe_app"
        }
      },
      "oauth_client": [],
      "api_key": [
        {
          "current_key": "AIzaSyBrod-HeOLk78K0PWccdxRkC4J1Ovx6jsI"
        }
      ],
      "services": {
        "appinvite_service": {
          "other_platform_oauth_client": []
        }
      }
    }
  ],
  "configuration_version": "1"
}